0.06750762049360057,0.10421177117999389,-0.0004210315123088082,-0.0001259151393575784,0.08790243902439024,0
0.06726518393637328,0.10421177117999389,-0.0004250131273307708,-0.00012591513935757798,0.08790243902439024,1
0.06733281345726339,0.10421177117999389,-0.00038445385588570843,-0.00012591513935757901,0.08790243902439024,2
0.06762575283499025,0.10421177117999389,-0.00031209487641801803,-0.00012591513935757414,0.08790243902439024,3
0.0680434648062598,0.10421177117999389,-0.00022460474099365643,-0.00012591513935757866,0.08790243902439024,4
0.068488795645987,0.10421177117999389,-0.00013372050101050938,-0.0001259151393575771,0.08790243902439024,5
0.06896778263759654,0.10421177117999388,-3.7761431867631554e-05,-0.0001259151393575823,0.08790243902439024,6
0.06946772476514025,0.10421177117999389,6.207279635489114e-05,-0.00012591513935757712,0.08790243902439024,7
0.06999360495503135,0.10421177117999388,0.00016612712613737728,-0.00012591513935758162,0.08790243902439024,8
0.07052243758879335,0.10421177117999388,0.00027034085323892075,-0.00012591513935757782,0.08790243902439024,9
0.07103160495231217,0.10421177117999388,0.0003710148107416079,-0.00012591513935757834,0.2243658536585366,10
0.07152100667651722,0.10421177117999389,0.00046726191521215905,-0.00012591513935757904,0.2243658536585366,11
0.07199347427297986,0.10421177117999388,0.0005592423875807279,-0.0001259151393575797,0.2243658536585366,12
0.07246134661163148,0.10421177117999388,0.0006481604109709336,-0.00012591513935758343,0.2243658536585366,13
0.07292503072981205,0.10421177117999388,0.0007339199319384216,-0.00012591513935758275,0.2243658536585366,14
0.07339575035626118,0.10421177117999388,0.0008178875975183433,-0.00012591513935758373,0.2243658536585366,15
0.07387625526449024,0.10421177117999389,0.0009006383374058453,-0.00012591513935758254,0.2243658536585366,16
0.07436419120609569,0.10421177117999388,0.0009822069139699507,-0.00012591513935758175,0.2243658536585366,17
0.0748610157432005,0.10421177117999388,0.001062979015042485,-0.00012591513935758324,0.2243658536585366,18
0.07536966743650461,0.10421177117999388,0.0011434712762263275,-0.00012591513935758614,0.2243658536585366,19
0.0758876614724612,0.10421177117999388,0.0012235691122955273,-0.00012591513935758603,0.4057317073170732,20
0.0764192077814709,0.10421177117999388,0.0013038993967323207,-0.0001259151393575876,0.4057317073170732,21
0.07696489976809298,0.10421177117999388,0.0013844648921879556,-0.00012591513935758576,0.4057317073170732,22
0.0775278586751964,0.10421177117999389,0.0014658043706829884,-0.00012591513935759124,0.4057317073170732,23
0.07810458311550836,0.10421177117999388,0.001547380949724883,-0.00012591513935758414,0.4057317073170732,24
0.07870660213085816,0.10421177117999388,0.0016308684807271293,-0.0001259151393575845,0.4057317073170732,25
0.07932218129469763,0.10421177117999389,0.0017146915390421026,-0.00012591513935758533,0.4057317073170732,26
0.0799562123793983,0.10421177117999389,0.0017995043078865272,-0.00012591513935757866,0.4057317073170732,27
0.08060747485545397,0.10421177117999389,0.001885155772333565,-0.00012591513935758335,0.4057317073170732,28
0.08127086559523035,0.10421177117999389,0.0019710293566120676,-0.00012591513935758856,0.4057317073170732,29
0.08194712606660733,0.10421177117999392,0.0020575621187046314,-0.00012591513935759048,0.561,30
0.08263688465926461,0.10421177117999389,0.0021447063666345987,-0.00012591513935758498,0.561,31
0.08333850949384024,0.10421177117999389,0.0022323344448551747,-0.00012591513935758362,0.561,32
0.08404625636780363,0.10421177117999389,0.002319890620207545,-0.00012591513935757451,0.561,33
0.08475936748592208,0.10421177117999389,0.002407336805899782,-0.00012591513935759037,0.561,34
0.0854783020819838,0.10421177117999389,0.0024947353386593173,-0.00012591513935758584,0.561,35
0.08619739925688491,0.10421177117999389,0.002581445631389051,-0.00012591513935758503,0.561,36
0.08692185405444483,0.10421177117999388,0.0026682399003303114,-0.0001259151393575805,0.561,37
0.08764493952418957,0.10421177117999389,0.002754261546142893,-0.0001259151393575882,0.561,38
0.0883678388965543,0.10421177117999389,0.002839804877944221,-0.00012591513935758332,0.561,39
0.08908493566681168,0.10421177117999388,0.0029241649438314413,-0.00012591513935757842,0.664219512195122,40
0.08979663312906246,0.10421177117999389,0.0030075023283156342,-0.00012591513935757603,0.664219512195122,41
0.09050186419976308,0.10421177117999389,0.0030897260436405258,-0.00012591513935758316,0.664219512195122,42
0.09120228229777654,0.10421177117999389,0.0031711794528112816,-0.00012591513935757853,0.664219512195122,43
0.09189207053956286,0.10421177117999389,0.0032511408070264305,-0.00012591513935758248,0.664219512195122,44
0.09257476972508967,0.10421177117999389,0.0033300082474615293,-0.0001259151393575886,0.664219512195122,45
0.09325039633506624,0.10421177117999389,0.003407776145254938,-0.0001259151393575799,0.664219512195122,46
0.0939167186765322,0.10421177117999388,0.003484243192477603,-0.0001259151393575839,0.664219512195122,47
0.09457587096890499,0.10421177117999388,0.00355967829483493,-0.00012591513935757438,0.664219512195122,48
0.09522577108323779,0.10421177117999388,0.0036339712992228246,-0.00012591513935758118,0.664219512195122,49
0.09586393250216199,0.10421177117999388,0.003706749629734654,-0.00012591513935758343,0.7277317073170732,50
0.09649148898029605,0.10421177117999388,0.0037781378507570807,-0.00012591513935758384,0.7277317073170732,51
0.09710983285570056,0.10421177117999388,0.0038482634682624225,-0.00012591513935757443,0.7277317073170732,52
0.09771721530188798,0.10421177117999388,0.003916905844697939,-0.00012591513935757476,0.7277317073170732,53
0.09831309130344434,0.10421177117999388,0.003984189250152174,-0.0001259151393575844,0.7277317073170732,54
0.09889711572074308,0.10421177117999389,0.004049967146789916,-0.0001259151393575766,0.7277317073170732,55
0.09947079794587751,0.10421177117999388,0.004114416098358677,-0.0001259151393575823,0.7277317073170732,56
0.10003556219741747,0.10421177117999389,0.0041777461697498925,-0.000125915139357586,0.7277317073170732,57
0.1005892080889399,0.10421177117999392,0.004239661719411877,-0.00012591513935757077,0.7277317073170732,58
0.10113221729354849,0.10421177117999389,0.004300215161974889,-0.00012591513935757614,0.7277317073170732,59
0.10166328111250982,0.10421177117999389,0.004359292518461209,-0.00012591513935758034,0.7684878048780488,60
0.1021848687690583,0.10421177117999389,0.00441720479419921,-0.00012591513935758018,0.7684878048780488,61
0.10269653443496692,0.10421177117999389,0.004473873246244,-0.00012591513935758292,0.7684878048780488,62
0.10319800404000486,0.10421177117999389,0.0045292621909528335,-0.00012591513935758403,0.7684878048780488,63
0.10369020032596928,0.10421177117999389,0.004583478151642575,-0.00012591513935758145,0.7684878048780488,64
0.10417239454066354,0.10421177117999392,0.004636448423063148,-0.00012591513935758216,0.7684878048780488,65
0.10464462843404465,0.10421177117999389,0.004688179918766982,-0.00012591513935758923,0.7684878048780488,66
0.1051074866757385,0.10421177117999389,0.004738748979917907,-0.0001259151393575843,0.7684878048780488,67
0.10556132578456814,0.10421177117999389,0.004788215543037021,-0.00012591513935757747,0.7684878048780488,68
0.10600673144235129,0.10421177117999389,0.004836618479834328,-0.00012591513935757685,0.7684878048780488,69
0.10644292723771268,0.10421177117999389,0.004883913453189774,-0.00012591513935758517,0.7916829268292683,70
0.10687085969300633,0.10421177117999388,0.004930154487949773,-0.00012591513935758796,0.7916829268292683,71
0.1072910182182589,0.10421177117999389,0.004975433244795727,-0.00012591513935757774,0.7916829268292683,72
0.10770394845720668,0.10421177117999389,0.005019799131931301,-0.00012591513935758059,0.7916829268292683,73
0.10810989920869254,0.10421177117999389,0.005063297803011595,-0.00012591513935758582,0.7916829268292683,74
0.1085085075264223,0.10421177117999389,0.005105853059374813,-0.00012591513935758113,0.7916829268292683,75
0.1089001701907267,0.10421177117999392,0.005147591871799352,-0.00012591513935757172,0.7916829268292683,76
0.10928419448291589,0.10421177117999392,0.00518839156156441,-0.00012591513935758053,0.7916829268292683,77
0.10966182282398267,0.10421177117999389,0.005228399284956332,-0.00012591513935758378,0.7916829268292683,78
0.11003406947070313,0.10421177117999389,0.005267799193744487,-0.00012591513935758164,0.7916829268292683,79
0.11039975183609822,0.10421177117999388,0.005306408114834674,-0.00012591513935757573,0.807439024390244,80
0.11075984754099713,0.10421177117999389,0.005344317142009659,-0.00012591513935757264,0.807439024390244,81
0.11111442535848784,0.10421177117999389,0.005381517904910555,-0.00012591513935757685,0.807439024390244,82
0.11146371802593971,0.10421177117999392,0.005418079817607469,-0.0001259151393575846,0.807439024390244,83
0.1118078554328977,0.10421177117999389,0.005454009323426173,-0.00012591513935757568,0.807439024390244,84
0.11214642624523516,0.10421177117999389,0.005489262336968065,-0.00012591513935758254,0.807439024390244,85
0.11247964067814291,0.10421177117999392,0.005523880841015796,-0.0001259151393575727,0.807439024390244,86
0.1128074448881041,0.10421177117999389,0.005557841614844233,-0.00012591513935757235,0.807439024390244,87
0.11312975764245656,0.10421177117999392,0.005591131634568986,-0.0001259151393575763,0.807439024390244,88
0.11344779407041712,0.10421177117999392,0.005623896798551175,-0.0001259151393575814,0.807439024390244,89
0.11376154043509498,0.10421177117999392,0.0056561416394013365,-0.00012591513935757685,0.8191951219512195,90
0.11407144917161907,0.10421177117999392,0.005687927905406162,-0.00012591513935758633,0.8191951219512195,91
0.11437684976982501,0.10421177117999392,0.005719168185084434,-0.00012591513935758406,0.8191951219512195,92
0.11467778749825308,0.10421177117999395,0.005749896949095544,-0.00012591513935759146,0.8191951219512195,93
0.11497452074084438,0.10421177117999392,0.005780113433985655,-0.00012591513935757893,0.8191951219512195,94
0.11526733931251676,0.10421177117999392,0.0058098410947730415,-0.00012591513935758614,0.8191951219512195,95
0.11555541429395322,0.10421177117999395,0.005839000612709335,-0.0001259151393575802,0.8191951219512195,96
0.11583954068011282,0.10421177117999392,0.0058676983104372525,-0.0001259151393575836,0.8191951219512195,97
0.11612066853170892,0.10421177117999392,0.005896072505249403,-0.0001259151393575899,0.8191951219512195,98
0.1163975789429301,0.10421177117999392,0.005923954925675492,-0.00012591513935758324,0.8191951219512195,99
0.11667102898419779,0.10421177117999392,0.005951437190582844,-0.00012591513935758956,0.829170731707317,100
0.11694069028725448,0.10421177117999392,0.005978508295536803,-0.00012591513935759558,0.829170731707317,101
0.11720773386405633,0.10421177117999392,0.006005292479474143,-0.00012591513935758484,0.829170731707317,102
0.11747184834629272,0.10421177117999392,0.00603172955602738,-0.0001259151393575901,0.829170731707317,103
0.11773318475738867,0.10421177117999392,0.0060578604218035,-0.0001259151393575908,0.829170731707317,104
0.11799148503781069,0.10421177117999389,0.006083627843839774,-0.0001259151393575948,0.829170731707317,105
0.11824642785515907,0.10421177117999392,0.006109014684050447,-0.00012591513935759297,0.829170731707317,106
0.11849899129391914,0.10421177117999389,0.00613414301951292,-0.0001259151393575798,0.829170731707317,107
0.11874909072232517,0.10421177117999392,0.006158971582455702,-0.00012591513935760064,0.829170731707317,108
0.11899656028606491,0.10421177117999389,0.006183488620050352,-0.00012591513935759457,0.829170731707317,109
0.11924109714828876,0.10421177117999389,0.006207667176365867,-0.00012591513935758942,0.8374146341463414,110
0.11948263323405077,0.10421177117999389,0.00623145386570909,-0.00012591513935758584,0.8374146341463414,111
0.1197216057745663,0.10421177117999392,0.0062549520962191935,-0.00012591513935759013,0.8374146341463414,112
0.11995766187895654,0.10421177117999389,0.006278122233595841,-0.00012591513935758807,0.8374146341463414,113
0.12019113201360898,0.10421177117999392,0.006301003625040728,-0.00012591513935757877,0.8374146341463414,114
0.12042217121921728,0.10421177117999392,0.006323616793968789,-0.000125915139357597,0.8374146341463414,115
0.1206509616853882,0.10421177117999392,0.006345970476219394,-0.0001259151393575824,0.8374146341463414,116
0.12087703980607492,0.10421177117999392,0.006368006201280825,-0.0001259151393575934,0.8374146341463414,117
0.1211004320631078,0.10421177117999395,0.00638973807305841,-0.00012591513935758696,0.8374146341463414,118
0.12132156636043076,0.10421177117999395,0.006411212227950682,-0.00012591513935757194,0.8374146341463414,119
0.12154061947080357,0.10421177117999392,0.006432471133759833,-0.00012591513935759202,0.8441951219512195,120
0.12175746108509888,0.10421177117999392,0.006453454303325939,-0.0001259151393575849,0.8441951219512195,121
0.12197256090517869,0.10421177117999392,0.006474215067728742,-0.00012591513935759,0.8441951219512195,122
0.1221853623662245,0.10421177117999392,0.006494726270521312,-0.0001259151393575784,0.8441951219512195,123
0.12239617149430235,0.10421177117999392,0.006514970959606214,-0.00012591513935758278,0.8441951219512195,124
0.1226058320953159,0.10421177117999392,0.006535081753327616,-0.0001259151393575817,0.8441951219512195,125
0.12281395922014904,0.10421177117999392,0.006555023479424607,-0.00012591513935758332,0.8441951219512195,126
0.12301989039141648,0.10421177117999389,0.006574726281246184,-0.00012591513935757235,0.8441951219512195,127
0.12322430773345099,0.10421177117999392,0.006594276854010502,-0.00012591513935756899,0.8441951219512195,128
0.12342655174175479,0.10421177117999392,0.006613584584344563,-0.00012591513935758154,0.8441951219512195,129
0.123626748047946,0.10421177117999392,0.0066326629660476465,-0.00012591513935758896,0.8503414634146341,130
0.12382574260823398,0.10421177117999392,0.006651615101604652,-0.00012591513935758758,0.8503414634146341,131
0.12402304042356391,0.10421177117999392,0.006670360265134426,-0.00012591513935757666,0.8503414634146341,132
0.12421920285250616,0.10421177117999392,0.006688996380383093,-0.00012591513935759295,0.8503414634146341,133
0.12441392107113716,0.10421177117999395,0.006707465198320451,-0.00012591513935759273,0.8503414634146341,134
0.12460669980885557,0.10421177117999392,0.00672570416573137,-0.00012591513935757926,0.8503414634146341,135
0.12479864100036615,0.10421177117999392,0.0067438437751754995,-0.0001259151393575768,0.8503414634146341,136
0.1249889064312391,0.10421177117999392,0.006761791945380245,-0.00012591513935758514,0.8503414634146341,137
0.12517731455956768,0.10421177117999392,0.006779530698711043,-0.00012591513935759086,0.8503414634146341,138
0.1253636730345201,0.10421177117999392,0.0067970244246312725,-0.00012591513935757508,0.8503414634146341,139
0.1255484821887879,0.10421177117999392,0.006814357411766091,-0.00012591513935759124,0.8560487804878049,140
0.12573186057414093,0.10421177117999392,0.0068315252250564125,-0.00012591513935758503,0.8560487804878049,141
0.12591371263359355,0.10421177117999389,0.00684852270937286,-0.00012591513935758446,0.8560487804878049,142
0.12609426055511913,0.10421177117999392,0.006865380094156034,-0.00012591513935758959,0.8560487804878049,143
0.12627299091386743,0.10421177117999395,0.006882037742003114,-0.00012591513935758257,0.8560487804878049,144
0.12645036044574273,0.10421177117999395,0.006898557954803751,-0.0001259151393575835,0.8560487804878049,145
0.12662611689583017,0.10421177117999392,0.006914892321726268,-0.0001259151393575829,0.8560487804878049,146
0.12680038016826423,0.10421177117999395,0.0069310508113680815,-0.00012591513935758086,0.8560487804878049,147
0.12697307787989415,0.10421177117999395,0.006947030785044497,-0.00012591513935758213,0.8560487804878049,148
0.12714424148496092,0.10421177117999392,0.006962837611067231,-0.0001259151393575882,0.8560487804878049,149
0.1273138455645097,0.10421177117999395,0.0069784659230534936,-0.0001259151393575945,0.8604878048780488,150
0.12748257720826642,0.10421177117999392,0.006994019766593541,-0.00012591513935757327,0.8604878048780488,151
0.12765046871305544,0.10421177117999395,0.007009485760687409,-0.00012591513935758262,0.8604878048780488,152
0.12781807901975903,0.10421177117999395,0.007024927549440685,-0.00012591513935759221,0.8604878048780488,153
0.12798473266819285,0.10421177117999395,0.007040261829527509,-0.0001259151393575835,0.8604878048780488,154
0.12814971487012333,0.10421177117999395,0.007055420759756484,-0.0001259151393575913,0.8604878048780488,155
0.1283135545203496,0.10421177117999396,0.00707045638910297,-0.00012591513935759558,0.8604878048780488,156
0.12847638653022592,0.10421177117999396,0.007085389988258586,-0.00012591513935758042,0.8604878048780488,157
0.12863744680884565,0.10421177117999395,0.007100106641969924,-0.00012591513935758463,0.8604878048780488,158
0.1287979056094241,0.10421177117999395,0.00711475321755824,-0.00012591513935759135,0.8604878048780488,159
0.12895677520866555,0.10421177117999395,0.007129223096996143,-0.00012591513935757582,0.8639512195121951,160
0.12911494760249465,0.10421177117999395,0.007143624988166452,-0.00012591513935757904,0.8639512195121951,161
0.12927169810531852,0.10421177117999395,0.0071578683358742325,-0.00012591513935758416,0.8639512195121951,162
0.12942742182122208,0.10421177117999395,0.00717201199633845,-0.00012591513935758362,0.8639512195121951,163
0.12958227758839866,0.10421177117999395,0.007186087758633444,-0.00012591513935757744,0.8639512195121951,164
0.129736637953,0.10421177117999395,0.007200108936459839,-0.00012591513935757755,0.8639512195121951,165
0.12988953043239862,0.10421177117999395,0.007213966859490464,-0.00012591513935757815,0.8639512195121951,166
0.1300409381412183,0.10421177117999395,0.007227662492128649,-0.0001259151393575886,0.8639512195121951,167
0.13019140798965606,0.10421177117999395,0.0072412610723211245,-0.00012591513935759994,0.8639512195121951,168
0.1303406183256844,0.10421177117999395,0.007254726343406933,-0.00012591513935759013,0.8639512195121951,169
0.1304885812557138,0.10421177117999392,0.00726806047500779,-0.000125915139357585,0.8676341463414634,170
0.1306359873558091,0.10421177117999392,0.007281334627599777,-0.00012591513935757882,0.8676341463414634,171
0.1307823749586792,0.10421177117999392,0.007294485408872805,-0.00012591513935759005,0.8676341463414634,172
0.1309281310847919,0.10421177117999392,0.007307564458361845,-0.00012591513935758883,0.8676341463414634,173
0.13107324617059662,0.10421177117999392,0.0073205750654263615,-0.00012591513935758907,0.8676341463414634,174
0.1312175626084982,0.10421177117999392,0.007333512532819977,-0.00012591513935759544,0.8676341463414634,175
0.1313611838927554,0.10421177117999389,0.007346387082544941,-0.00012591513935759384,0.8676341463414634,176
0.13150404587683545,0.10421177117999392,0.007359169858119164,-0.00012591513935758248,0.8676341463414634,177
0.13164666011444243,0.10421177117999392,0.007371927875319379,-0.00012591513935758926,0.8676341463414634,178
0.13178793124613128,0.10421177117999392,0.0073845340335736845,-0.0001259151393575828,0.8676341463414634,179
0.13192788390621973,0.10421177117999392,0.007396993368649881,-0.00012591513935759078,0.870609756097561,180
0.1320670808036915,0.10421177117999389,0.0074093831628118546,-0.00012591513935759723,0.870609756097561,181
0.1322053832969659,0.10421177117999392,0.007421649787471488,-0.00012591513935758313,0.870609756097561,182
0.1323431187899517,0.10421177117999389,0.007433861236037767,-0.00012591513935758116,0.870609756097561,183
0.13247966607071462,0.10421177117999389,0.007445941368928363,-0.00012591513935757544,0.870609756097561,184
0.13261532071779458,0.10421177117999389,0.007457898090715009,-0.00012591513935758403,0.870609756097561,185
0.1327511066722404,0.10421177117999389,0.0074698888475897,-0.00012591513935757858,0.870609756097561,186
0.13288659090690197,0.10421177117999389,0.007481850559086533,-0.00012591513935758067,0.870609756097561,187
0.1330214899399305,0.10421177117999389,0.00749373260870336,-0.00012591513935759753,0.870609756097561,188
0.13315550743280807,0.10421177117999389,0.00750550454620179,-0.00012591513935758042,0.870609756097561,189
0.13328864021686837,0.10421177117999392,0.007517163848011392,-0.00012591513935759436,0.8733658536585366,190
0.13342099485716816,0.10421177117999392,0.0075287461111684445,-0.00012591513935759495,0.8733658536585366,191
0.13355272792771178,0.10421177117999389,0.007540282364469478,-0.0001259151393575846,0.8733658536585366,192
0.13368352601323316,0.10421177117999388,0.0075517168800065875,-0.0001259151393575921,0.8733658536585366,193
0.13381340458254598,0.10421177117999388,0.0075630166954156934,-0.00012591513935757183,0.8733658536585366,194
0.13394206503492018,0.10421177117999388,0.007574170235130175,-0.0001259151393575984,0.8733658536585366,195
0.13407025937511297,0.10421177117999389,0.007585279904232894,-0.00012591513935757918,0.8733658536585366,196
0.1341978831565584,0.10421177117999389,0.007596329105794888,-0.00012591513935757378,0.8733658536585366,197
0.134324776286539,0.10421177117999388,0.007607294250528081,-0.00012591513935758224,0.8733658536585366,198
0.1344506398230329,0.10421177117999385,0.007618126936177044,-0.00012591513935758612,0.8733658536585366,199
0.1345757543622929,0.10421177117999388,0.007628875827950832,-0.00012591513935758677,0.8759756097560976,200
0.13470046053607174,0.10421177117999388,0.007639588858334031,-0.0001259151393575701,0.8759756097560976,201
0.13482466311117897,0.10421177117999388,0.0076502480604629,-0.00012591513935756172,0.8759756097560976,202
0.13494833733073483,0.10421177117999388,0.007660842258882274,-0.0001259151393575814,0.8759756097560976,203
0.13507152466094063,0.10421177117999388,0.007671373121978037,-0.00012591513935758037,0.8759756097560976,204
0.1351941365432251,0.10421177117999388,0.007681823159317559,-0.0001259151393575806,0.8759756097560976,205
0.13531605196561697,0.10421177117999389,0.0076921975875646744,-0.00012591513935758088,0.8759756097560976,206
0.13543715836674985,0.10421177117999388,0.00770249889892684,-0.00012591513935757533,0.8759756097560976,207
0.1355575773640167,0.10421177117999389,0.0077127281706891645,-0.0001259151393575817,0.8759756097560976,208
0.13567735383797375,0.10421177117999388,0.007722886717729569,-0.00012591513935757882,0.8759756097560976,209
0.1357965366491864,0.10421177117999388,0.0077329942597879325,-0.00012591513935757592,0.8782439024390244,210
0.13591520071479452,0.10421177117999388,0.007743059203956652,-0.00012591513935757554,0.8782439024390244,211
0.13603324027908908,0.10421177117999388,0.007753046076787319,-0.00012591513935757378,0.8782439024390244,212
0.13615066353017197,0.10421177117999389,0.0077629661262831615,-0.00012591513935758132,0.8782439024390244,213
0.13626714656868646,0.10421177117999389,0.0077727568925786425,-0.00012591513935759075,0.8782439024390244,214
0.13638377987457634,0.10421177117999389,0.0077825348195865365,-0.00012591513935758303,0.8782439024390244,215
0.13650002805687,0.10421177117999388,0.007792273607272122,-0.0001259151393575835,0.8782439024390244,216
0.13661587849374537,0.10421177117999388,0.007801913868956642,-0.00012591513935757877,0.8782439024390244,217
0.13673103537588116,0.10421177117999388,0.007811466357123366,-0.00012591513935758734,0.8782439024390244,218
0.13684592518699426,0.10421177117999388,0.007820990578711037,-0.00012591513935757468,0.8782439024390244,219
0.13696045858309813,0.10421177117999389,0.007830480802565251,-0.00012591513935757321,0.8800487804878049,220
0.13707427563877728,0.10421177117999389,0.007839869990996843,-0.00012591513935757473,0.8800487804878049,221
0.13718780424292337,0.10421177117999389,0.00784923801326959,-0.0001259151393575908,0.8800487804878049,222
0.1373011480077769,0.10421177117999389,0.007858586163365995,-0.00012591513935756904,0.8800487804878049,223
0.13741362320061817,0.10421177117999389,0.007867828515380192,-0.00012591513935759156,0.8800487804878049,224
0.13752507232613004,0.10421177117999389,0.007876959963807556,-0.0001259151393575797,0.8800487804878049,225
0.13763603133412022,0.10421177117999389,0.007886030566058006,-0.00012591513935757988,0.8800487804878049,226
0.13774659091525518,0.10421177117999389,0.007895067024478153,-0.0001259151393575833,0.8800487804878049,227
0.1378565508369119,0.10421177117999392,0.007904033953319704,-0.00012591513935756533,0.8800487804878049,228
0.1379652161173715,0.10421177117999392,0.007912846594812537,-0.00012591513935757004,0.8800487804878049,229
0.138073344879728,0.10421177117999395,0.007921602279114351,-0.00012591513935756034,0.8819024390243903,230
0.1381810949868007,0.10421177117999392,0.007930314311358532,-0.00012591513935757321,0.8819024390243903,231
0.1382880605135224,0.10421177117999392,0.007938942827271474,-0.00012591513935756427,0.8819024390243903,232
0.13839434801070416,0.10421177117999395,0.007947500152230526,-0.00012591513935756974,0.8819024390243903,233
0.13850041860859075,0.10421177117999395,0.007956020521603047,-0.00012591513935756557,0.8819024390243903,234
0.13860603334489913,0.10421177117999392,0.007964492634465836,-0.0001259151393575737,0.8819024390243903,235
0.13871119436330767,0.10421177117999392,0.00797292204899327,-0.00012591513935756923,0.8819024390243903,236
0.13881586469381413,0.10421177117999395,0.007981311233854833,-0.00012591513935756817,0.8819024390243903,237
0.13892036727137436,0.10421177117999395,0.00798968185421277,-0.00012591513935755958,0.8819024390243903,238
0.13902413336169728,0.10421177117999395,0.007997965692398759,-0.00012591513935757517,0.8819024390243903,239
0.13912772335980714,0.10421177117999395,0.008006228941124164,-0.00012591513935758059,0.8835609756097561,240
0.13923087920921345,0.10421177117999395,0.00801444994832982,-0.00012591513935756554,0.8835609756097561,241
0.13933368442407154,0.10421177117999396,0.008022641465000166,-0.00012591513935755798,0.8835609756097561,242
0.1394357876936984,0.10421177117999395,0.008030752203770143,-0.00012591513935757376,0.8835609756097561,243
0.13953782898238912,0.10421177117999396,0.008038860523035265,-0.00012591513935757896,0.8835609756097561,244
0.1396393167507532,0.10421177117999396,0.008046903332576674,-0.0001259151393575753,0.8835609756097561,245
0.139740446636612,0.10421177117999396,0.008054903305883303,-0.00012591513935757232,0.8835609756097561,246
0.13984146841066317,0.10421177117999396,0.00806289302558103,-0.0001259151393575729,0.8835609756097561,247
0.13994200673441304,0.10421177117999396,0.008070832263759884,-0.00012591513935757582,0.8835609756097561,248
0.14004219507461776,0.10421177117999396,0.008078756290997035,-0.00012591513935755925,0.8835609756097561,249
0.14014177642667158,0.10421177117999396,0.008086604314001163,-0.00012591513935756497,0.8850975609756098,250
0.14024103762833107,0.10421177117999395,0.008094416735301492,-0.00012591513935756478,0.8850975609756098,251
0.14033984402844737,0.10421177117999396,0.008102179845140715,-0.00012591513935757197,0.8850975609756098,252
0.14043794880588661,0.10421177117999396,0.00810985898477829,-0.0001259151393575574,0.8850975609756098,253
0.14053582072676746,0.10421177117999396,0.00811751849553005,-0.00012591513935757072,0.8850975609756098,254
0.14063394667017926,0.10421177117999395,0.008125192282136226,-0.00012591513935756015,0.8850975609756098,255
0.14073159872620802,0.10421177117999396,0.00813281365874825,-0.0001259151393575595,0.8850975609756098,256
0.1408290606445409,0.10421177117999395,0.008140415051934214,-0.00012591513935756159,0.8850975609756098,257
0.14092642357090196,0.10421177117999396,0.008148005942308542,-0.00012591513935756454,0.8850975609756098,258
0.14102330600505864,0.10421177117999396,0.008155552347306064,-0.00012591513935756272,0.8850975609756098,259
0.1411197488258182,0.10421177117999395,0.008163074597833168,-0.00012591513935755915,0.8864634146341464,260
0.14121587364913182,0.10421177117999395,0.008170557891963805,-0.00012591513935757034,0.8864634146341464,261
0.1413118290774552,0.10421177117999395,0.008178019023314066,-0.00012591513935757457,0.8864634146341464,262
0.14140762654485176,0.10421177117999395,0.008185462560267734,-0.00012591513935756655,0.8864634146341464,263
0.14150267961214402,0.10421177117999395,0.008192795963823371,-0.00012591513935756866,0.8864634146341464,264
0.1415973179582989,0.10421177117999392,0.008200086918701159,-0.0001259151393575711,0.8864634146341464,265
0.141691638652648,0.10421177117999395,0.008207333336102303,-0.00012591513935757736,0.8864634146341464,266
0.1417856085727725,0.10421177117999396,0.008214519104343315,-0.0001259151393575743,0.8864634146341464,267
0.14187895649573978,0.10421177117999396,0.00822163952982057,-0.00012591513935755925,0.8864634146341464,268
0.1419718461602823,0.10421177117999396,0.008228704939715668,-0.00012591513935756137,0.8864634146341464,269
0.1420642843050185,0.10421177117999395,0.008235718169367454,-0.0001259151393575617,0.8871463414634146,270
0.14215662216332436,0.10421177117999396,0.008242756576369817,-0.0001259151393575729,0.8871463414634146,271
0.14224879584126943,0.10421177117999396,0.00824979006858001,-0.00012591513935757446,0.8871463414634146,272
0.1423404781855199,0.10421177117999396,0.008256762530217345,-0.00012591513935756234,0.8871463414634146,273
0.1424317330605162,0.10421177117999396,0.008263688415917384,-0.0001259151393575652,0.8871463414634146,274
0.14252255849072767,0.10421177117999396,0.008270563335271292,-0.00012591513935754633,0.8871463414634146,275
0.14261323796987993,0.10421177117999396,0.008277416638211228,-0.0001259151393575691,0.8871463414634146,276
0.14270357529254935,0.10421177117999399,0.008284221307072608,-0.0001259151393575742,0.8871463414634146,277
0.14279365626666254,0.10421177117999399,0.008291005927232373,-0.00012591513935756492,0.8871463414634146,278
0.14288351304520125,0.10421177117999399,0.008297771293719815,-0.00012591513935755882,0.8871463414634146,279
0.14297320108942196,0.10421177117999399,0.00830452907837233,-0.0001259151393575549,0.8880975609756098,280
0.14306261435279982,0.10421177117999399,0.008311251550512896,-0.00012591513935755717,0.8880975609756098,281
0.14315168365158412,0.10421177117999399,0.008317919160437207,-0.00012591513935756045,0.8880975609756098,282
0.14324055422157914,0.10421177117999399,0.008324565678897326,-0.00012591513935754684,0.8880975609756098,283
0.14332928933183048,0.104211771179994,0.008331202865212085,-0.0001259151393575441,0.8880975609756098,284
0.14341753800810614,0.10421177117999399,0.008337789957708211,-0.00012591513935756156,0.8880975609756098,285
0.14350557686530047,0.104211771179994,0.008344353717466222,-0.00012591513935755045,0.8880975609756098,286
0.1435931806409444,0.104211771179994,0.008350868122843549,-0.00012591513935755427,0.8880975609756098,287
0.14368067096057108,0.104211771179994,0.008357364133907967,-0.0001259151393575633,0.8880975609756098,288
0.14376799347794705,0.104211771179994,0.00836384627367063,-0.000125915139357568,0.8880975609756098,289
0.14385507674951042,0.104211771179994,0.008370294746829373,-0.0001259151393575663,0.8896585365853659,290
0.14394206406301108,0.104211771179994,0.008376721447777293,-0.0001259151393575564,0.8896585365853659,291
0.14402891918770364,0.104211771179994,0.008383124970175734,-0.00012591513935756977,0.8896585365853659,292
0.14411533013048217,0.104211771179994,0.008389468981084185,-0.00012591513935756584,0.8896585365853659,293
0.14420132181826484,0.10421177117999399,0.008395757865133855,-0.00012591513935756592,0.8896585365853659,294
0.14428681177622452,0.10421177117999399,0.008401973934662143,-0.00012591513935755863,0.8896585365853659,295
0.14437189162342984,0.104211771179994,0.008408148554729444,-0.0001259151393575784,0.8896585365853659,296
0.14445692767879673,0.104211771179994,0.008414323600639425,-0.000125915139357571,0.8896585365853659,297
0.14454147496626413,0.10421177117999399,0.008420449661533352,-0.00012591513935756874,0.8896585365853659,298
0.14462574439448012,0.10421177117999399,0.008426547547456026,-0.00012591513935757647,0.8896585365853659,299
0.14471014074472888,0.10421177117999399,0.008432646423272992,-0.00012591513935755714,0.890609756097561,300
0.14479438093537983,0.10421177117999399,0.008438732218588416,-0.00012591513935756728,0.890609756097561,301
0.14487827639522735,0.10421177117999399,0.008444778292266664,-0.0001259151393575633,0.890609756097561,302
0.1449614887396414,0.10421177117999399,0.008450755704789996,-0.00012591513935757565,0.890609756097561,303
0.14504493597504214,0.10421177117999399,0.008456771301768263,-0.0001259151393575829,0.890609756097561,304
0.14512806718985027,0.104211771179994,0.008462752104422211,-0.00012591513935758498,0.890609756097561,305
0.14521081620231002,0.104211771179994,0.008468677675961959,-0.00012591513935758232,0.890609756097561,306
0.1452931366245799,0.10421177117999399,0.008474551357347886,-0.0001259151393575698,0.890609756097561,307
0.14537498928377152,0.104211771179994,0.008480370756954772,-0.00012591513935758004,0.890609756097561,308
0.14545657172684134,0.10421177117999399,0.008486158488793033,-0.00012591513935756874,0.890609756097561,309
0.14553724699437823,0.10421177117999399,0.008491844581508387,-0.00012591513935758032,0.8913658536585366,310
0.1456178440867378,0.104211771179994,0.008497518198572078,-0.00012591513935756825,0.8913658536585366,311
0.14569815426268165,0.10421177117999399,0.008503155103962283,-0.0001259151393575793,0.8913658536585366,312
0.14577772884998708,0.104211771179994,0.008508717396595374,-0.00012591513935756782,0.8913658536585366,313
0.14585685726807057,0.10421177117999399,0.00851423707942489,-0.0001259151393575703,0.8913658536585366,314
0.14593573319935177,0.10421177117999399,0.008519727252844523,-0.0001259151393575849,0.8913658536585366,315
0.14601452128087206,0.10421177117999399,0.008525214740395175,-0.0001259151393575914,0.8913658536585366,316
0.14609310084907312,0.10421177117999399,0.0085306813352313,-0.00012591513935758425,0.8913658536585366,317
0.14617135541067003,0.10421177117999399,0.008536112744814188,-0.00012591513935757053,0.8913658536585366,318
0.1462495316270906,0.104211771179994,0.008541534980153526,-0.0001259151393575757,0.8913658536585366,319
0.14632755535817193,0.10421177117999399,0.008546940844208938,-0.0001259151393575772,0.8922439024390244,320
0.1464052245654979,0.10421177117999399,0.008552303277795204,-0.00012591513935758156,0.8922439024390244,321
0.1464825071211223,0.10421177117999399,0.008557624584751363,-0.00012591513935757926,0.8922439024390244,322
0.14656014043830798,0.10421177117999396,0.008562990073294674,-0.00012591513935758265,0.8922439024390244,323
0.14663738354415043,0.10421177117999399,0.008568310330708708,-0.00012591513935755996,0.8922439024390244,324
0.14671445154741497,0.10421177117999399,0.00857360392446695,-0.00012591513935757625,0.8922439024390244,325
0.1467912321571273,0.104211771179994,0.008578835484527801,-0.00012591513935757137,0.8922439024390244,326
0.1468677648432675,0.10421177117999399,0.008584038153572154,-0.00012591513935758143,0.8922439024390244,327
0.14694418017098776,0.10421177117999399,0.008589229089151709,-0.00012591513935758446,0.8922439024390244,328
0.14702040770426625,0.10421177117999396,0.008594399756868595,-0.00012591513935758194,0.8922439024390244,329
0.14709630210164598,0.104211771179994,0.008599536304708517,-0.00012591513935757598,0.8927804878048781,330
0.14717219000045906,0.10421177117999399,0.00860466210605448,-0.0001259151393575719,0.8927804878048781,331
0.14724789509749897,0.10421177117999399,0.008609768257603954,-0.00012591513935758175,0.8927804878048781,332
0.14732345974561684,0.10421177117999399,0.008614858844392576,-0.00012591513935758238,0.8927804878048781,333
0.14739889628191413,0.10421177117999399,0.008619934093374308,-0.00012591513935758162,0.8927804878048781,334
0.1474740637687852,0.10421177117999399,0.008624975981237541,-0.00012591513935756394,0.8927804878048781,335
0.14754924478809442,0.104211771179994,0.008630023718832711,-0.00012591513935756638,0.8927804878048781,336
0.1476241619144832,0.10421177117999399,0.008635043112008354,-0.0001259151393575654,0.8927804878048781,337
0.14769887645697116,0.10421177117999399,0.008640041613257224,-0.00012591513935757595,0.8927804878048781,338
0.14777333607833543,0.10421177117999399,0.008645012534698784,-0.00012591513935758118,0.8927804878048781,339
0.14784772086592907,0.104211771179994,0.008649977072559269,-0.00012591513935756332,0.8938536585365854,340
0.14792179144854786,0.10421177117999399,0.008654908727306074,-0.00012591513935757495,0.8938536585365854,341
0.147995559432971,0.104211771179994,0.008659812889108907,-0.00012591513935756893,0.8938536585365854,342
0.14806892602278146,0.10421177117999399,0.008664658951493086,-0.0001259151393575817,0.8938536585365854,343
0.14814234986601157,0.10421177117999396,0.008669511717593899,-0.00012591513935758368,0.8938536585365854,344
0.14821573966867346,0.10421177117999399,0.008674359213394336,-0.00012591513935757384,0.8938536585365854,345
0.1482884167230515,0.10421177117999399,0.008679134500612886,-0.0001259151393575635,0.8938536585365854,346
0.14836103818969865,0.104211771179994,0.008683898662928813,-0.0001259151393575628,0.8938536585365854,347
0.14843348169812737,0.10421177117999399,0.008688639745081606,-0.00012591513935757798,0.8938536585365854,348
0.148505513091517,0.104211771179994,0.00869334147926566,-0.00012591513935754757,0.8938536585365854,349
0.1485773393153414,0.10421177117999399,0.008698013023693408,-0.0001259151393575612,0.8947560975609756,350
0.14864903924496448,0.10421177117999399,0.008702673529155231,-0.00012591513935756625,0.8947560975609756,351
0.14872048037143898,0.104211771179994,0.008707310729043358,-0.000125915139357568,0.8947560975609756,352
0.14879180991375274,0.10421177117999399,0.008711934102730376,-0.00012591513935755324,0.8947560975609756,353
0.1488628915185936,0.10421177117999399,0.008716526688776441,-0.00012591513935756468,0.8947560975609756,354
0.14893385219806193,0.10421177117999399,0.008721106816658795,-0.0001259151393575615,0.8947560975609756,355
0.1490048175145058,0.10421177117999396,0.008725683003357673,-0.00012591513935755378,0.8947560975609756,356
0.1490755179550058,0.10421177117999399,0.008730228854737523,-0.0001259151393575501,0.8947560975609756,357
0.1491461995182089,0.10421177117999396,0.008734775135924766,-0.00012591513935756088,0.8947560975609756,358
0.1492167333121321,0.10421177117999399,0.008739308554046022,-0.00012591513935755134,0.8947560975609756,359
0.14928698910611843,0.10421177117999396,0.008743811552174355,-0.00012591513935755974,0.8954878048780488,360
0.1493573430325455,0.10421177117999396,0.008748351043606334,-0.00012591513935755402,0.8954878048780488,361
0.14942763840637657,0.10421177117999396,0.008752900075340254,-0.00012591513935753678,0.8954878048780488,362
0.14949774220037576,0.10421177117999396,0.008757429990615368,-0.000125915139357562,0.8954878048780488,363
0.1495677855488659,0.10421177117999399,0.008761957780355278,-0.0001259151393575603,0.8954878048780488,364
0.14963786380930072,0.10421177117999396,0.008766497501628445,-0.00012591513935754898,0.8954878048780488,365
0.14970781020632723,0.10421177117999395,0.008771024160657243,-0.0001259151393575508,0.8954878048780488,366
0.1497777167985413,0.10421177117999399,0.008775559874050255,-0.0001259151393575613,0.8954878048780488,367
0.14984726924089803,0.10421177117999396,0.008780050657474154,-0.00012591513935756088,0.8954878048780488,368
0.14991673893487706,0.10421177117999396,0.00878453301137007,-0.00012591513935756988,0.8954878048780488,369
0.14998606011588736,0.10421177117999395,0.00878899944517242,-0.00012591513935755806,0.8961463414634147,370
0.1500551712989735,0.10421177117999395,0.008793443365039455,-0.00012591513935755183,0.8961463414634147,371
0.1501241846065557,0.10421177117999395,0.008797879194098001,-0.00012591513935752407,0.8961463414634147,372
0.15019294243292577,0.10421177117999395,0.00880228591009882,-0.0001259151393575556,0.8961463414634147,373
0.1502615366874763,0.10421177117999392,0.008806676808250077,-0.00012591513935753483,0.8961463414634147,374
0.15032990488218695,0.10421177117999392,0.008811048337406212,-0.0001259151393575437,0.8961463414634147,375
0.15039811917720114,0.10421177117999392,0.008815408733414964,-0.00012591513935754527,0.8961463414634147,376
0.15046614137366127,0.10421177117999389,0.008819749733605975,-0.00012591513935753367,0.8961463414634147,377
0.1505339481768577,0.10421177117999392,0.008824066222750357,-0.00012591513935753787,0.8961463414634147,378
0.1506016421472586,0.10421177117999392,0.008828372186374797,-0.000125915139357529,0.8961463414634147,379
0.15066921502951008,0.10421177117999392,0.008832662550832034,-0.00012591513935753912,0.8967804878048781,380
0.1507365386067902,0.10421177117999392,0.008836924591097594,-0.0001259151393575424,0.8967804878048781,381
0.1508037345764367,0.10421177117999392,0.008841171601873057,-0.00012591513935754408,0.8967804878048781,382
0.1508707175182157,0.10421177117999395,0.008845396263761985,-0.000125915139357541,0.8967804878048781,383
0.15093737902465743,0.10421177117999392,0.008849589934000219,-0.00012591513935754115,0.8967804878048781,384
0.15100382516680344,0.10421177117999392,0.00885375924123062,-0.00012591513935754332,0.8967804878048781,385
0.15107006863294284,0.10421177117999392,0.008857905487650539,-0.00012591513935753781,0.8967804878048781,386
0.15113610595300514,0.10421177117999392,0.008862032004395434,-0.00012591513935753296,0.8967804878048781,387
0.15120172789533962,0.10421177117999392,0.008866108429940867,-0.00012591513935755028,0.8967804878048781,388
0.15126725869475371,0.10421177117999392,0.008870173955466883,-0.00012591513935754462,0.8967804878048781,389
0.15133259818162054,0.10421177117999392,0.008874222084261437,-0.0001259151393575534,0.8973658536585366,390
0.15139783059667888,0.10421177117999389,0.008878259146626183,-0.0001259151393575427,0.8973658536585366,391
0.1514630866390664,0.10421177117999389,0.008882301099488083,-0.00012591513935755305,0.8973658536585366,392
0.15152812738269356,0.10421177117999392,0.008886317759031509,-0.00012591513935754798,0.8973658536585366,393
0.1515928602892384,0.10421177117999392,0.008890295412361738,-0.00012591513935752624,0.8973658536585366,394
0.15165741067992614,0.10421177117999392,0.008894252845107527,-0.0001259151393575403,0.8973658536585366,395
0.15172180356800286,0.10421177117999392,0.008898195453360694,-0.00012591513935753876,0.8973658536585366,396
0.1517860432757953,0.10421177117999395,0.008902119941995993,-0.0001259151393575414,0.8973658536585366,397
0.15185042420068448,0.10421177117999392,0.008906059974372164,-0.00012591513935754803,0.8973658536585366,398
0.1519142703341803,0.10421177117999395,0.008909938883207996,-0.00012591513935754955,0.8973658536585366,399
0.15197809750832364,0.10421177117999392,0.008913812577484725,-0.000125915139357537,0.8979512195121951,400
0.15204179016552005,0.10421177117999395,0.008917666026210781,-0.00012591513935754153,0.8979512195121951,401
0.1521054495469391,0.10421177117999392,0.00892152365039803,-0.0001259151393575297,0.8979512195121951,402
0.15216868951432663,0.10421177117999392,0.008925341798137617,-0.00012591513935754432,0.8979512195121951,403
0.1522319113985891,0.10421177117999392,0.00892916138515137,-0.00012591513935754118,0.8979512195121951,404
0.15229515751735923,0.10421177117999395,0.008932991253729955,-0.00012591513935753795,0.8979512195121951,405
0.15235823021799805,0.10421177117999392,0.008936799414855891,-0.0001259151393575394,0.8979512195121951,406
0.15242113114247582,0.10421177117999392,0.008940586833686714,-0.00012591513935754757,0.8979512195121951,407
0.15248389486815103,0.10421177117999392,0.008944358280318124,-0.00012591513935755064,0.8979512195121951,408
0.15254637797896625,0.10421177117999389,0.008948106936756128,-0.00012591513935754462,0.8979512195121951,409
0.15260829800946085,0.10421177117999392,0.008951778095601017,-0.0001259151393575591,0.8984146341463415,410
0.152670079773482,0.10421177117999392,0.008955434884914203,-0.00012591513935755424,0.8984146341463415,411
0.15273178971005405,0.10421177117999392,0.008959089036610935,-0.00012591513935755196,0.8984146341463415,412
0.15279331135985968,0.10421177117999389,0.008962721446940772,-0.00012591513935755947,0.8984146341463415,413
0.15285514691985497,0.10421177117999388,0.008966391142987517,-0.00012591513935753578,0.8984146341463415,414
0.1529168830104712,0.10421177117999392,0.008970055240507655,-0.00012591513935754348,0.8984146341463415,415
0.15297860806236668,0.10421177117999392,0.008973716003307155,-0.00012591513935755858,0.8984146341463415,416
0.1530396984366182,0.10421177117999389,0.008977298351877319,-0.00012591513935754776,0.8984146341463415,417
0.1531007842769417,0.10421177117999389,0.008980881770091678,-0.00012591513935754947,0.8984146341463415,418
0.15316191016944397,0.10421177117999389,0.00898447284349768,-0.0001259151393575591,0.8984146341463415,419
0.15322266571001814,0.10421177117999389,0.008988032673341131,-0.00012591513935755982,0.8989512195121951,420
0.15328348131522487,0.10421177117999389,0.00899159558929605,-0.00012591513935755462,0.8989512195121951,421
0.15334439838903188,0.10421177117999392,0.008995177359694859,-0.000125915139357545,0.8989512195121951,422
0.15340510370909843,0.10421177117999392,0.008998733830970147,-0.00012591513935755283,0.8989512195121951,423
0.1534659394864762,0.10421177117999392,0.00900230806300078,-0.00012591513935755657,0.8989512195121951,424
0.15352684751289256,0.10421177117999389,0.00900590333524957,-0.0001259151393575662,0.8989512195121951,425
0.15358788227871453,0.10421177117999389,0.009009507263814765,-0.0001259151393575508,0.8989512195121951,426
0.15364875968676522,0.10421177117999389,0.009013092174986371,-0.00012591513935753944,0.8989512195121951,427
0.15370956877067898,0.10421177117999389,0.009016670834209286,-0.00012591513935755145,0.8989512195121951,428
0.15377036668286065,0.10421177117999388,0.00902024982753443,-0.00012591513935755942,0.8989512195121951,429
0.15383101342351552,0.10421177117999389,0.00902380816254141,-0.00012591513935755101,0.899390243902439,430
0.15389130630217732,0.10421177117999389,0.009027325042672577,-0.00012591513935756302,0.899390243902439,431
0.15395150087560422,0.10421177117999388,0.009030828291197337,-0.00012591513935756606,0.899390243902439,432
0.15401161305564692,0.10421177117999388,0.009034320896789362,-0.00012591513935756955,0.899390243902439,433
0.1540714955205486,0.10421177117999388,0.009037792654852437,-0.00012591513935756785,0.899390243902439,434
0.15413130998205557,0.10421177117999385,0.009041256664425608,-0.00012591513935757113,0.899390243902439,435
0.15419106566081156,0.10421177117999385,0.009044712500641284,-0.00012591513935756836,0.899390243902439,436
0.15425044922493666,0.10421177117999388,0.00904811023891132,-0.0001259151393575634,0.899390243902439,437
0.15430960226080948,0.10421177117999385,0.009051481821333947,-0.00012591513935756327,0.899390243902439,438
0.15436852054398156,0.10421177117999385,0.009054807379201127,-0.0001259151393575748,0.899390243902439,439
0.15442744929604443,0.10421177117999385,0.00905813292440116,-0.00012591513935758257,0.9000487804878049,440
0.1544864736540133,0.10421177117999385,0.00906146876787802,-0.0001259151393575584,0.9000487804878049,441
0.15454543977459892,0.10421177117999385,0.00906481203006404,-0.00012591513935755554,0.9000487804878049,442
0.15460412598884613,0.10421177117999385,0.00906812065549475,-0.00012591513935756644,0.9000487804878049,443
0.15466244083787845,0.10421177117999383,0.009071382693670017,-0.0001259151393575668,0.9000487804878049,444
0.154720207906687,0.10421177117999385,0.009074582581734733,-0.0001259151393575577,0.9000487804878049,445
0.15477790234351083,0.10421177117999385,0.009077781045150099,-0.00012591513935755896,0.9000487804878049,446
0.15483564096521113,0.10421177117999383,0.009080993463924224,-0.00012591513935755703,0.9000487804878049,447
0.1548932709727217,0.10421177117999385,0.009084194428772122,-0.0001259151393575524,0.9000487804878049,448
0.1549507827803334,0.10421177117999385,0.009087383722524708,-0.00012591513935755906,0.9000487804878049,449
0.1550083562246895,0.10421177117999385,0.009090585068903824,-0.00012591513935756638,0.9004146341463415,450
0.15506593791764092,0.10421177117999385,0.009093781834362828,-0.00012591513935755665,0.9004146341463415,451
0.15512365271680467,0.10421177117999383,0.009096978603169766,-0.0001259151393575555,0.9004146341463415,452
0.15518126184200806,0.10421177117999385,0.009100166028941791,-0.00012591513935754985,0.9004146341463415,453
0.15523878964646431,0.10421177117999385,0.009103344960852832,-0.00012591513935756844,0.9004146341463415,454
0.15529606918908295,0.10421177117999383,0.009106495520334035,-0.00012591513935754633,0.9004146341463415,455
0.15535314462501035,0.10421177117999383,0.009109622521381462,-0.0001259151393575496,0.9004146341463415,456
0.15541015699822172,0.10421177117999385,0.009112744381111208,-0.00012591513935753917,0.9004146341463415,457
0.15546720858392726,0.10421177117999385,0.009115868407522617,-0.00012591513935754337,0.9004146341463415,458
0.15552438804806548,0.10421177117999385,0.009119024524875303,-0.00012591513935755535,0.9004146341463415,459
0.15558141637718795,0.10421177117999383,0.00912216753910415,-0.00012591513935754817,0.9010487804878049,460
0.15563849929146903,0.10421177117999385,0.009125319699265087,-0.00012591513935756522,0.9010487804878049,461
0.155695215088886,0.10421177117999388,0.009128437686356001,-0.00012591513935756224,0.9010487804878049,462
0.15575177161149428,0.10421177117999385,0.009131536164603582,-0.00012591513935755904,0.9010487804878049,463
0.15580807104740704,0.10421177117999388,0.009134596466931173,-0.00012591513935755196,0.9010487804878049,464
0.1558642533488726,0.10421177117999383,0.009137646763544378,-0.00012591513935756533,0.9010487804878049,465
0.15592037778984502,0.10421177117999385,0.009140689853409484,-0.00012591513935757766,0.9010487804878049,466
0.15597636992045033,0.10421177117999385,0.009143721103655567,-0.00012591513935756123,0.9010487804878049,467
0.1560326356767863,0.10421177117999383,0.009146790198972195,-0.00012591513935755974,0.9010487804878049,468
0.1560886060130355,0.10421177117999383,0.009149818840323218,-0.0001259151393575743,0.9010487804878049,469
0.15614484251406907,0.10421177117999385,0.00915288721131733,-0.00012591513935757227,0.9016341463414634,470
0.15620103374076283,0.10421177117999383,0.009155950186094245,-0.00012591513935757077,0.9016341463414634,471
0.1562567859584445,0.10421177117999383,0.009158951700243759,-0.00012591513935758647,0.9016341463414634,472
0.1563123629948487,0.10421177117999383,0.009161937075806413,-0.00012591513935755272,0.9016341463414634,473
0.15636787516164966,0.10421177117999383,0.009164908279296642,-0.00012591513935758042,0.9016341463414634,474
0.1564233957760463,0.10421177117999383,0.009167883798648937,-0.0001259151393575579,0.9016341463414634,475
0.15647879925513042,0.10421177117999383,0.009170847265508509,-0.00012591513935756085,0.9016341463414634,476
0.15653413825744916,0.10421177117999385,0.009173804688739505,-0.00012591513935756972,0.9016341463414634,477
0.15658940261009252,0.10421177117999385,0.00917675580912876,-0.0001259151393575687,0.9016341463414634,478
0.156644608483049,0.10421177117999383,0.009179695184962124,-0.0001259151393575708,0.9016341463414634,479
0.15669966397525772,0.10421177117999383,0.009182617399801939,-0.00012591513935755633,0.902219512195122,480
0.1567545386591234,0.10421177117999383,0.009185509717356573,-0.00012591513935756107,0.902219512195122,481
0.1568091929535837,0.10421177117999383,0.009188381437787925,-0.00012591513935756294,0.902219512195122,482
0.15686381947722366,0.10421177117999383,0.009191253204408901,-0.00012591513935755603,0.902219512195122,483
0.1569184427927604,0.10421177117999383,0.00919412825190003,-0.00012591513935756373,0.902219512195122,484
0.15697303109252156,0.10421177117999383,0.009197005769227188,-0.00012591513935755955,0.902219512195122,485
0.15702763485437202,0.10421177117999383,0.009199882489934124,-0.000125915139357558,0.902219512195122,486
0.15708215653243743,0.10421177117999383,0.009202750836161832,-0.00012591513935755419,0.902219512195122,487
0.15713705901069203,0.10421177117999383,0.009205690816049026,-0.00012591513935754142,0.902219512195122,488
0.15719140677665594,0.10421177117999383,0.009208573576854326,-0.00012591513935755522,0.902219512195122,489
0.15724573418090756,0.10421177117999385,0.009211454573258308,-0.00012591513935755709,0.9027317073170732,490
0.1572998922662033,0.10421177117999385,0.009214306163104409,-0.00012591513935756,0.9027317073170732,491
0.1573540689709433,0.10421177117999383,0.009217160242961176,-0.00012591513935756543,0.9027317073170732,492
0.15740814319529803,0.10421177117999383,0.00922000356142073,-0.00012591513935756373,0.9027317073170732,493
0.1574621864326631,0.10421177117999383,0.00922283668393771,-0.0001259151393575501,0.9027317073170732,494
0.1575161237779638,0.10421177117999383,0.009225678996155229,-0.000125915139357558,0.9027317073170732,495
0.1575699128286498,0.10421177117999383,0.009228506674176051,-0.00012591513935756587,0.9027317073170732,496
0.15762379573857652,0.10421177117999385,0.009231353828553134,-0.0001259151393575665,0.9027317073170732,497
0.15767725658690293,0.10421177117999385,0.009234162039816434,-0.0001259151393575749,0.9027317073170732,498
0.15773055351200665,0.10421177117999385,0.009236943548445292,-0.00012591513935756508,0.9027317073170732,499
